dataset,layer,family,selected,mean_ppl,delta_ce,relative_ppl_percent,ci95,seed_delta_ce,wins,improved_blocks
ptb_valid,12,weight_only,tau1,48.80408206690633,-0.015311789388457935,-1.5195159968467158,"[-0.018184506489584844, -0.012468066656341157]","[-0.01890556886792183, -0.014732101932168007, -0.012297697365283966]",3,31
ptb_valid,12,hybrid,tau1_bias,48.752248287923344,-0.016373243803779282,-1.6239930827733666,"[-0.019362203994144997, -0.013455229283620914]","[-0.019504254683852196, -0.01692902110517025, -0.012686455622315407]",3,31
ptb_valid,12,wiki_only_hybrid,tau1_bias,48.752248287923344,-0.016373243803779282,-1.6239930827733666,"[-0.019362203994144997, -0.013455229283620914]","[-0.019504254683852196, -0.01692902110517025, -0.012686455622315407]",3,31
ptb_valid,12,gptq,tau0,49.55656967597581,0.0,0.0,"[0.0, 0.0]","[0.0, 0.0, 0.0]",0,0
ptb_valid,12,bias_only,tau0_bias,49.175370709654665,-0.007735064874092738,-0.7705226243935109,"[-0.009163129283115268, -0.006332736074303588]","[-0.011522017419338226, -0.008684298023581505, -0.0029988791793584824]",3,31
ptb_valid,12,block192,tau1,48.80408206690633,-0.015311789388457935,-1.5195159968467158,"[-0.018184506489584844, -0.012468066656341157]","[-0.01890556886792183, -0.014732101932168007, -0.012297697365283966]",3,31
ptb_valid,18,weight_only,tau0.5,49.495819479364755,-0.001528063789010048,-0.15268968939774322,"[-0.002292212238535285, -0.0007891440298408273]","[-0.0016673337668180466, -0.003323011100292206, 0.00040615350008010864]",2,23
ptb_valid,18,hybrid,tau0.5_bias,49.41161555640195,-0.00323196438451608,-0.3226747209712539,"[-0.0041218673344701525, -0.002365937316790223]","[-0.003816574811935425, -0.00523342564702034, -0.0006458926945924759]",3,30
ptb_valid,18,wiki_only_hybrid,tau1_bias,49.5627920052198,-0.0001774126042922337,-0.017739686760679538,"[-0.0014901076753934222, 0.0011674039221058286]","[-0.0006859693676233292, -0.002825271338224411, 0.002979002892971039]",2,16
ptb_valid,18,gptq,tau0,49.57152346617554,0.0,0.0,"[0.0, 0.0]","[0.0, 0.0, 0.0]",0,0
ptb_valid,18,bias_only,tau0_bias,49.407492283325745,-0.0033171270042657852,-0.3311631416684572,"[-0.004024715333556136, -0.0025943312638749675]","[-0.004651311784982681, -0.0036797765642404556, -0.0016202926635742188]",3,30
ptb_valid,18,block192,tau1,49.59231033440843,0.00041782731811205553,0.04179146201045649,"[-0.0009186269560207922, 0.0017774817378570632]","[-0.00032553449273109436, -0.0016270671039819717, 0.0032060835510492325]",2,15
shakespeare,12,weight_only,tau1,66.9774432193483,-0.007830509915947914,-0.7799931340511079,"[-0.009755129336069028, -0.005908312074219187]","[-0.009864142164587975, -0.007126361131668091, -0.006501026451587677]",3,29
shakespeare,12,hybrid,tau1_bias,66.93585273090072,-0.00844641464451949,-0.8410843903207553,"[-0.010389181536932787, -0.006528902022788922]","[-0.011649703606963158, -0.007011791691184044, -0.0066777486354112625]",3,29
shakespeare,12,wiki_only_hybrid,tau1_bias,66.93585273090072,-0.00844641464451949,-0.8410843903207553,"[-0.010389181536932787, -0.006528902022788922]","[-0.011649703606963158, -0.007011791691184044, -0.0066777486354112625]",3,29
shakespeare,12,gptq,tau0,67.50488628958608,0.0,0.0,"[0.0, 0.0]","[0.0, 0.0, 0.0]",0,0
shakespeare,12,bias_only,tau0_bias,67.07954487349856,-0.006312205766638121,-0.6292325646946895,"[-0.007378889030466477, -0.00525832564259569]","[-0.00675923191010952, -0.007327446714043617, -0.004849938675761223]",3,32
shakespeare,12,block192,tau1,66.9774432193483,-0.007830509915947914,-0.7799931340511079,"[-0.009755129336069028, -0.005908312074219187]","[-0.009864142164587975, -0.007126361131668091, -0.006501026451587677]",3,29
shakespeare,18,weight_only,tau0.5,67.44271682316283,-0.0003138470153013866,-0.03137977704787947,"[-0.0011877832468599081, 0.000549349732076128]","[-0.0014059580862522125, 0.0011210925877094269, -0.0006566755473613739]",2,19
shakespeare,18,hybrid,tau0.5_bias,67.39304116501904,-0.0010486642519632974,-0.10481145957583514,"[-0.00216739548680683, 8.772579021751864e-05]","[-0.00190025195479393, -0.00040715374052524567, -0.0008385870605707169]",3,21
shakespeare,18,wiki_only_hybrid,tau1_bias,67.5802604176341,0.0017294827848672865,0.17309792027708507,"[0.000508398919676741, 0.0029824656123916306]","[0.0012868214398622513, 0.0006878897547721863, 0.0032137371599674225]",0,8
shakespeare,18,gptq,tau0,67.46402316608811,0.0,0.0,"[0.0, 0.0]","[0.0, 0.0, 0.0]",0,0
shakespeare,18,bias_only,tau0_bias,67.32079487481838,-0.00211980069677035,-0.21175555060058587,"[-0.0029056994089235863, -0.0013375196295479937]","[-0.002072608098387718, -0.0035227835178375244, -0.0007640104740858078]",3,28
shakespeare,18,block192,tau1,67.59635342019976,0.0019683378438154855,0.19702762923810954,"[0.0007694364835818609, 0.0032093045301735384]","[0.0010901354253292084, 0.0015946421772241592, 0.0032202359288930893]",0,8
