layer,seed,candidate,reused,wiki_ppl,seen_ptb_ppl,fit_seconds,changed_code_percent,mean_absolute_code_move,bias_rms
12,0,tau0,True,22.83654348361559,44.3170302844793,0.0,0.0,0.0,0.0
12,0,tau0_bias,True,22.773241800009206,43.831041205330706,0.0,0.0,0.0,0.03142908588051796
12,0,tau1,True,22.411310170632703,43.59762299595825,0.0,36.89233362674713,0.37767499685287476,0.0
12,0,tau0.5,False,22.55917581568009,43.73647616633383,14.98893799999496,18.772991001605988,0.18798576295375824,0.0
12,0,tau0.5_bias,False,22.527577523810187,43.598249349284856,14.98893799999496,18.772991001605988,0.18798576295375824,0.018878867849707603
12,0,tau1_bias,False,22.39541715104719,43.568243553558176,14.935745599999791,36.89233362674713,0.37767499685287476,0.008330222219228745
12,1,tau0,True,23.072568756206092,44.729721260025784,0.0,0.0,0.0,0.0
12,1,tau0_bias,True,22.985455368941228,44.320860130903704,0.0,0.0,0.0,0.031431201845407486
12,1,tau1,True,22.58535062980045,44.18952350149293,0.0,36.652275919914246,0.37478750944137573,0.0
12,1,tau0.5,False,22.78155190608348,44.25992418158822,14.581465200011735,18.62873286008835,0.18643073737621307,0.0
12,1,tau0.5_bias,False,22.759526526481363,44.09731002055871,14.581465200011735,18.62873286008835,0.18643073737621307,0.018711894750595093
12,1,tau1_bias,False,22.573120340302133,44.083409841163245,15.091054599994095,36.652275919914246,0.37478750944137573,0.008327984251081944
12,2,tau0,True,23.11415427509676,44.91773695140396,0.0,0.0,0.0,0.0
12,2,tau0_bias,True,23.034983448232285,44.70849998067485,0.0,0.0,0.0,0.031972017139196396
12,2,tau1,True,22.627127392030825,44.38399607069463,0.0,38.03878426551819,0.3935503363609314,0.0
12,2,tau0.5,False,22.83175268870847,44.45556235617565,14.972207700004219,19.538822770118713,0.19578012824058533,0.0
12,2,tau0.5_bias,False,22.787621957202926,44.39341675910517,14.972207700004219,19.538822770118713,0.19578012824058533,0.020750336349010468
12,2,tau1_bias,False,22.61284244989438,44.370234038862876,15.105058300003293,38.03878426551819,0.3935503363609314,0.01000368595123291
18,0,tau0,True,22.80268515128012,44.3434201283708,0.0,0.0,0.0,0.0
18,0,tau0_bias,True,22.79531238205588,44.11504332351537,0.0,0.0,0.0,0.04114885628223419
18,0,tau1,True,22.661505758304607,44.320910406339614,0.0,32.219794392585754,0.3265153765678406,0.0
18,0,tau0.5,False,22.696300766013046,44.28843668127462,15.046951199998148,16.288332641124725,0.1631210446357727,0.0
18,0,tau0.5_bias,False,22.7004132428309,44.177329893969464,15.046951199998148,16.288332641124725,0.1631210446357727,0.026130311191082
18,0,tau1_bias,False,22.659403611849843,44.30183773811267,15.002693300004466,32.219794392585754,0.3265153765678406,0.01393790915608406
18,1,tau0,True,23.01817275020955,44.83118484117354,0.0,0.0,0.0,0.0
18,1,tau0_bias,True,22.998162575146743,44.671701863052824,0.0,0.0,0.0,0.039500780403614044
18,1,tau1,True,22.899452459620413,44.76907668958442,0.0,32.188817858695984,0.3258485794067383,0.0
18,1,tau0.5,False,22.913703264425244,44.691804497789455,14.822775099994033,16.25017374753952,0.1626368910074234,0.0
18,1,tau0.5_bias,False,22.917712386021503,44.615347862828735,14.822775099994033,16.25017374753952,0.1626368910074234,0.024503912776708603
18,1,tau1_bias,False,22.899623415703154,44.72832449582842,14.984279199998127,32.188817858695984,0.3258485794067383,0.014531134627759457
18,2,tau0,True,23.094183171310377,44.89775397161691,0.0,0.0,0.0,0.0
18,2,tau0_bias,True,23.10558193929231,44.8096591873679,0.0,0.0,0.0,0.03978721424937248
18,2,tau1,True,22.937012299688188,45.03553455360156,0.0,33.53760242462158,0.34118056297302246,0.0
18,2,tau0.5,False,22.98166478112359,44.929890969936764,14.931482500003767,17.016784846782684,0.17047441005706787,0.0
18,2,tau0.5_bias,False,22.996506540271795,44.858274562765395,14.931482500003767,17.016784846782684,0.17047441005706787,0.02673688530921936
18,2,tau1_bias,False,22.9429604403927,45.013957902344366,14.929006799997296,33.53760242462158,0.34118056297302246,0.01601382903754711
